-- MySQL dump 10.13  Distrib 8.0.16, for Win64 (x86_64)
--
-- Host: 127.0.0.1    Database: klf
-- ------------------------------------------------------
-- Server version	8.0.16

/*!40101 SET @OLD_CHARACTER_SET_CLIENT=@@CHARACTER_SET_CLIENT */;
/*!40101 SET @OLD_CHARACTER_SET_RESULTS=@@CHARACTER_SET_RESULTS */;
/*!40101 SET @OLD_COLLATION_CONNECTION=@@COLLATION_CONNECTION */;
 SET NAMES utf8mb4 ;
/*!40103 SET @OLD_TIME_ZONE=@@TIME_ZONE */;
/*!40103 SET TIME_ZONE='+00:00' */;
/*!40014 SET @OLD_UNIQUE_CHECKS=@@UNIQUE_CHECKS, UNIQUE_CHECKS=0 */;
/*!40014 SET @OLD_FOREIGN_KEY_CHECKS=@@FOREIGN_KEY_CHECKS, FOREIGN_KEY_CHECKS=0 */;
/*!40101 SET @OLD_SQL_MODE=@@SQL_MODE, SQL_MODE='NO_AUTO_VALUE_ON_ZERO' */;
/*!40111 SET @OLD_SQL_NOTES=@@SQL_NOTES, SQL_NOTES=0 */;

--
-- Table structure for table `activity`
--

DROP TABLE IF EXISTS `activity`;
/*!40101 SET @saved_cs_client     = @@character_set_client */;
 SET character_set_client = utf8mb4 ;
CREATE TABLE `activity` (
  `id` int(11) NOT NULL AUTO_INCREMENT,
  `name` varchar(255) DEFAULT NULL,
  PRIMARY KEY (`id`)
) ENGINE=InnoDB AUTO_INCREMENT=6 DEFAULT CHARSET=utf8mb4 COLLATE=utf8mb4_0900_ai_ci;
/*!40101 SET character_set_client = @saved_cs_client */;

--
-- Dumping data for table `activity`
--

LOCK TABLES `activity` WRITE;
/*!40000 ALTER TABLE `activity` DISABLE KEYS */;
INSERT INTO `activity` VALUES (3,'Login'),(5,'View');
/*!40000 ALTER TABLE `activity` ENABLE KEYS */;
UNLOCK TABLES;

--
-- Table structure for table `user`
--

DROP TABLE IF EXISTS `user`;
/*!40101 SET @saved_cs_client     = @@character_set_client */;
 SET character_set_client = utf8mb4 ;
CREATE TABLE `user` (
  `id` int(11) NOT NULL AUTO_INCREMENT,
  `name` varchar(255) DEFAULT NULL,
  `password` varchar(255) DEFAULT NULL,
  PRIMARY KEY (`id`)
) ENGINE=InnoDB AUTO_INCREMENT=12 DEFAULT CHARSET=utf8mb4 COLLATE=utf8mb4_0900_ai_ci;
/*!40101 SET character_set_client = @saved_cs_client */;

--
-- Dumping data for table `user`
--

LOCK TABLES `user` WRITE;
/*!40000 ALTER TABLE `user` DISABLE KEYS */;
INSERT INTO `user` VALUES (1,'tom','123'),(7,'Song','456'),(8,'scw','scw'),(11,'John','123');
/*!40000 ALTER TABLE `user` ENABLE KEYS */;
UNLOCK TABLES;

--
-- Table structure for table `user_activity`
--

DROP TABLE IF EXISTS `user_activity`;
/*!40101 SET @saved_cs_client     = @@character_set_client */;
 SET character_set_client = utf8mb4 ;
CREATE TABLE `user_activity` (
  `id` int(11) NOT NULL AUTO_INCREMENT,
  `activity_id` int(11) DEFAULT NULL,
  `user_id` int(11) DEFAULT NULL,
  `occurrence` timestamp NULL DEFAULT NULL,
  PRIMARY KEY (`id`),
  KEY `activity_id` (`activity_id`),
  KEY `user_id` (`user_id`),
  CONSTRAINT `user_activity_ibfk_1` FOREIGN KEY (`activity_id`) REFERENCES `activity` (`id`),
  CONSTRAINT `user_activity_ibfk_2` FOREIGN KEY (`user_id`) REFERENCES `user` (`id`)
) ENGINE=InnoDB AUTO_INCREMENT=201 DEFAULT CHARSET=utf8mb4 COLLATE=utf8mb4_0900_ai_ci;
/*!40101 SET character_set_client = @saved_cs_client */;

--
-- Dumping data for table `user_activity`
--

LOCK TABLES `user_activity` WRITE;
/*!40000 ALTER TABLE `user_activity` DISABLE KEYS */;
INSERT INTO `user_activity` VALUES (3,3,1,'2020-07-02 01:55:36'),(5,3,1,'2020-07-02 01:59:01'),(7,3,1,'2020-07-02 03:00:19'),(8,3,1,'2020-07-02 03:01:12'),(9,3,1,'2020-07-02 03:56:03'),(10,3,1,'2020-07-02 04:40:12'),(11,3,1,'2020-07-02 04:44:03'),(14,3,1,'2020-07-02 05:57:50'),(15,3,1,'2020-07-02 07:31:10'),(16,3,1,'2020-07-02 07:31:30'),(17,3,1,'2020-07-02 07:32:38'),(18,3,1,'2020-07-02 07:34:34'),(19,3,1,'2020-07-02 07:37:48'),(20,3,1,'2020-07-02 07:38:50'),(21,3,1,'2020-07-02 07:40:36'),(22,3,1,'2020-07-02 07:41:24'),(23,3,1,'2020-07-02 07:42:28'),(24,3,1,'2020-07-02 18:30:53'),(25,3,1,'2020-07-02 18:38:00'),(26,3,1,'2020-07-02 18:43:38'),(27,3,1,'2020-07-02 18:51:36'),(28,3,1,'2020-07-02 19:03:14'),(29,3,1,'2020-07-02 19:06:07'),(30,3,1,'2020-07-02 19:22:27'),(31,3,1,'2020-07-02 19:24:49'),(32,3,1,'2020-07-02 19:39:17'),(33,3,1,'2020-07-02 19:49:56'),(34,3,1,'2020-07-02 19:54:03'),(35,3,8,'2020-07-02 19:54:44'),(36,3,1,'2020-07-02 19:55:29'),(37,3,1,'2020-07-02 20:02:53'),(38,3,1,'2020-07-02 20:05:17'),(39,5,1,'2020-07-02 20:05:19'),(40,5,1,'2020-07-02 20:05:26'),(41,5,1,'2020-07-02 20:06:32'),(42,3,1,'2020-07-02 20:06:45'),(43,5,1,'2020-07-02 20:06:47'),(44,5,1,'2020-07-02 20:08:16'),(45,3,1,'2020-07-02 20:08:23'),(46,5,1,'2020-07-02 20:08:33'),(47,5,1,'2020-07-02 20:12:31'),(48,3,1,'2020-07-02 22:15:41'),(49,3,1,'2020-07-02 22:30:36'),(52,3,1,'2020-07-02 23:52:19'),(53,5,1,'2020-07-02 23:55:38'),(54,5,1,'2020-07-02 23:57:40'),(85,3,1,'2020-07-03 02:42:32'),(86,5,1,'2020-07-03 02:42:35'),(87,5,1,'2020-07-03 02:43:00'),(88,5,1,'2020-07-03 02:43:00'),(89,5,1,'2020-07-03 02:44:21'),(90,5,1,'2020-07-03 02:44:28'),(91,5,1,'2020-07-03 02:44:28'),(92,5,1,'2020-07-03 02:44:30'),(93,5,1,'2020-07-03 02:44:31'),(94,5,1,'2020-07-03 02:44:36'),(95,5,1,'2020-07-03 02:44:36'),(96,5,1,'2020-07-03 02:44:39'),(97,5,1,'2020-07-03 02:44:40'),(98,5,1,'2020-07-03 02:45:15'),(99,5,1,'2020-07-03 02:45:18'),(100,3,1,'2020-07-03 03:07:22'),(101,5,1,'2020-07-03 03:07:25'),(102,5,1,'2020-07-03 03:07:28'),(103,5,1,'2020-07-03 03:07:32'),(104,3,1,'2020-07-03 03:12:25'),(105,5,1,'2020-07-03 03:12:27'),(106,5,1,'2020-07-03 03:12:29'),(107,5,1,'2020-07-03 03:12:30'),(108,5,1,'2020-07-03 03:12:32'),(109,5,1,'2020-07-03 03:12:33'),(110,5,1,'2020-07-03 03:12:35'),(111,5,1,'2020-07-03 03:12:37'),(112,5,1,'2020-07-03 03:13:47'),(113,5,1,'2020-07-03 03:13:50'),(114,5,1,'2020-07-03 03:13:53'),(115,5,1,'2020-07-03 03:14:21'),(116,5,1,'2020-07-03 03:14:23'),(117,5,1,'2020-07-03 03:14:24'),(118,5,1,'2020-07-03 03:14:40'),(119,5,1,'2020-07-03 03:14:41'),(120,5,1,'2020-07-03 03:14:45'),(121,5,1,'2020-07-03 03:14:46'),(122,3,1,'2020-07-03 03:15:40'),(123,5,1,'2020-07-03 03:15:43'),(124,5,1,'2020-07-03 03:15:51'),(125,5,1,'2020-07-03 03:16:03'),(126,5,1,'2020-07-03 03:16:06'),(127,5,1,'2020-07-03 03:17:13'),(128,5,1,'2020-07-03 03:17:18'),(129,5,1,'2020-07-03 03:17:20'),(130,5,1,'2020-07-03 03:17:23'),(131,5,1,'2020-07-03 03:17:25'),(132,5,1,'2020-07-03 03:18:10'),(133,5,1,'2020-07-03 03:18:40'),(134,5,1,'2020-07-03 03:18:43'),(135,5,1,'2020-07-03 03:19:30'),(136,5,1,'2020-07-03 03:19:33'),(137,5,1,'2020-07-03 03:19:35'),(138,5,1,'2020-07-03 03:19:36'),(139,5,1,'2020-07-03 03:19:37'),(140,5,1,'2020-07-03 03:19:40'),(141,5,1,'2020-07-03 03:19:46'),(142,5,1,'2020-07-03 03:19:50'),(143,3,1,'2020-07-03 05:20:17'),(144,5,1,'2020-07-03 05:20:24'),(145,5,1,'2020-07-03 05:20:27'),(146,5,1,'2020-07-03 05:20:31'),(147,5,1,'2020-07-03 05:20:37'),(148,5,1,'2020-07-03 05:20:47'),(149,3,1,'2020-07-03 20:10:29'),(150,5,1,'2020-07-03 20:10:38'),(151,5,1,'2020-07-03 20:10:42'),(152,5,1,'2020-07-03 20:10:46'),(153,5,1,'2020-07-03 20:10:47'),(154,5,1,'2020-07-03 20:10:49'),(155,3,1,'2020-07-03 20:23:24'),(156,5,1,'2020-07-03 20:23:29'),(157,5,1,'2020-07-03 20:23:31'),(158,5,1,'2020-07-03 20:23:33'),(159,5,1,'2020-07-03 20:23:34'),(160,5,1,'2020-07-03 20:23:37'),(161,5,1,'2020-07-03 20:23:44'),(162,5,1,'2020-07-03 20:23:45'),(163,5,1,'2020-07-03 20:23:51'),(164,5,1,'2020-07-03 20:23:51'),(165,5,1,'2020-07-03 20:23:56'),(166,5,1,'2020-07-03 20:23:56'),(167,3,1,'2020-07-03 20:25:11'),(168,3,1,'2020-07-03 20:34:03'),(169,5,1,'2020-07-03 20:34:07'),(170,3,1,'2020-07-03 20:43:23'),(171,5,1,'2020-07-03 20:43:26'),(172,3,8,'2020-07-03 21:39:39'),(173,5,8,'2020-07-03 21:39:46'),(174,5,8,'2020-07-03 21:40:02'),(175,5,8,'2020-07-03 21:40:19'),(176,5,8,'2020-07-03 21:40:31'),(177,5,8,'2020-07-03 21:40:33'),(183,3,8,'2020-07-03 21:42:26'),(184,5,8,'2020-07-03 21:42:32'),(185,3,8,'2020-07-03 21:55:56'),(186,5,8,'2020-07-03 21:55:59'),(187,5,8,'2020-07-03 21:56:05'),(188,5,8,'2020-07-03 21:57:06'),(189,5,8,'2020-07-03 21:57:08'),(190,5,8,'2020-07-03 21:57:22'),(191,5,8,'2020-07-03 21:57:26'),(192,5,8,'2020-07-03 21:57:31'),(193,3,1,'2020-07-03 22:21:22'),(194,5,1,'2020-07-03 22:21:26'),(195,5,1,'2020-07-03 22:21:35'),(196,3,1,'2020-07-03 22:34:23'),(197,5,1,'2020-07-03 22:34:27'),(198,5,1,'2020-07-03 22:35:08'),(199,5,1,'2020-07-03 22:35:10'),(200,5,1,'2020-07-03 22:35:44');
/*!40000 ALTER TABLE `user_activity` ENABLE KEYS */;
UNLOCK TABLES;
/*!40103 SET TIME_ZONE=@OLD_TIME_ZONE */;

/*!40101 SET SQL_MODE=@OLD_SQL_MODE */;
/*!40014 SET FOREIGN_KEY_CHECKS=@OLD_FOREIGN_KEY_CHECKS */;
/*!40014 SET UNIQUE_CHECKS=@OLD_UNIQUE_CHECKS */;
/*!40101 SET CHARACTER_SET_CLIENT=@OLD_CHARACTER_SET_CLIENT */;
/*!40101 SET CHARACTER_SET_RESULTS=@OLD_CHARACTER_SET_RESULTS */;
/*!40101 SET COLLATION_CONNECTION=@OLD_COLLATION_CONNECTION */;
/*!40111 SET SQL_NOTES=@OLD_SQL_NOTES */;

-- Dump completed on 2020-07-03 15:07:11
